Series,Year
/wiki/Ac%C4%B1mak_(dizi),1975-1999
"/wiki/A%C5%9Fk-%C4%B1_Memnu_(dizi,_1975)",1975-1999
/wiki/Ate%C5%9Ften_G%C3%BCnler,1975-1999
/wiki/Aynal%C4%B1_Tahir,1975-1999
/wiki/Ayr%C4%B1lsak_da_Beraberiz_(dizi),1975-1999
/wiki/Ay%C5%9Fecik_(dizi),1975-1999
/wiki/Baba_Evi_(dizi),1975-1999
/wiki/Ba%C5%9Fka_Olur_A%C4%9Falar%C4%B1n_D%C3%BC%C4%9F%C3%BCn%C3%BC,1975-1999
/wiki/Bizimkiler_(dizi),1975-1999
/wiki/Bizim_Aile_(dizi),1975-1999
"/wiki/Bizim_Ev_(dizi,_1995)",1975-1999
/wiki/Bizim_Kuruntu_Ailesi,1975-1999
/wiki/Bizim_Mahalle_(dizi),1975-1999
/wiki/B%C3%B6yle_mi_Olacakt%C4%B1,1975-1999
"/wiki/Bug%C3%BCn%C3%BCn_Sarayl%C4%B1s%C4%B1_(dizi,_1985)",1975-1999
/wiki/B%C3%BCc%C3%BCr_Cad%C4%B1,1975-1999
/wiki/Can%C4%B1s%C4%B1_(dizi),1975-1999
/wiki/%C3%87arli,1975-1999
"/wiki/%C3%87al%C4%B1ku%C5%9Fu_(dizi,_1986)",1975-1999
/wiki/%C3%87%C4%B1lg%C4%B1n_Bedi%C5%9F_(dizi),1975-1999
/wiki/%C3%87i%C3%A7ek_Taksi,1975-1999
/wiki/Deli_Y%C3%BCrek,1975-1999
/wiki/Dokuzuncu_Hariciye_Ko%C4%9Fu%C5%9Fu_(dizi),1975-1999
/wiki/Eltiler,1975-1999
/wiki/Ferhunde_Han%C4%B1mlar,1975-1999
/wiki/Gen%C3%A7ler_(dizi),1975-1999
/wiki/Gurbet%C3%A7iler,1975-1999
/wiki/G%C3%BCl%C5%9Fen_Abi,1975-1999
/wiki/G%C3%BCl_ve_Diken,1975-1999
/wiki/H%C3%BCsn%C3%BC_Bey_Amca,1975-1999
/wiki/%C4%B0stanbul_(dizi),1975-1999
/wiki/Kanun_Sava%C5%9F%C3%A7%C4%B1lar%C4%B1,1975-1999
/wiki/Kara_Melek,1975-1999
/wiki/Kaynanalar,1975-1999
/wiki/Kayg%C4%B1s%C4%B1zlar_(dizi),1975-1999
/wiki/Kurtulu%C5%9F_(dizi),1975-1999
/wiki/Kuruntu_Ailesi,1975-1999
"/wiki/K%C3%BC%C3%A7%C3%BCk_A%C4%9Fa_(dizi,_1984)",1975-1999
/wiki/K%C3%BC%C3%A7%C3%BCk_Besleme,1975-1999
/wiki/K%C3%BC%C3%A7%C3%BCk_%C4%B0bo,1975-1999
/wiki/Mahallenin_Muhtarlar%C4%B1,1975-1999
/wiki/Mardin-M%C3%BCnih_Hatt%C4%B1,1975-1999
/wiki/Marziye,1975-1999
/wiki/%C3%96r%C3%BCmcek_(dizi),1975-1999
/wiki/Perihan_Abla,1975-1999
/wiki/Portatif_H%C3%BCseyin,1975-1999
/wiki/Ruhsar,1975-1999
/wiki/Samanyolu_(dizi),1975-1999
/wiki/S%C4%B1d%C4%B1ka_(dizi),1975-1999
/wiki/S%C4%B1r%C4%B1ls%C4%B1klam_(dizi),1975-1999
/wiki/S%C3%BCper_Baba_(dizi),1975-1999
/wiki/%C5%9Ea%C5%9F%C4%B1felek_%C3%87%C4%B1kmaz%C4%B1,1975-1999
/wiki/%C5%9Eehnaz_Tango,1975-1999
/wiki/Tatl%C4%B1_Ka%C3%A7%C4%B1klar,1975-1999
/wiki/T%C3%BCrkmen_D%C3%BC%C4%9F%C3%BCn%C3%BC,1975-1999
/wiki/U%C4%9Furlugiller,1975-1999
/wiki/Umut_Taksi,1975-1999
/wiki/%C3%9C%C3%A7_%C4%B0stanbul_(dizi),1975-1999
/wiki/%C3%9Cvey_Baba,1975-1999
"/wiki/Yaprak_D%C3%B6k%C3%BCm%C3%BC_(dizi,_1988)",1975-1999
/wiki/Yaz_Evi,1975-1999
/wiki/Yazl%C4%B1k%C3%A7%C4%B1lar,1975-1999
/wiki/Y%C4%B1lan_Hik%C3%A2yesi,1975-1999
/wiki/Yedi_Numara,2000-2005
/wiki/Ac%C4%B1_Hayat_(dizi),2000-2005
/wiki/Alacakaranl%C4%B1k_(dizi),2000-2005
/wiki/Aliye_(dizi),2000-2005
/wiki/Asmal%C4%B1_Konak,2000-2005
/wiki/A%C5%9Fka_S%C3%BCrg%C3%BCn,2000-2005
/wiki/A%C5%9Fk%C4%B1m_A%C5%9Fk%C4%B1m,2000-2005
/wiki/Avrupa_Yakas%C4%B1_(dizi),2000-2005
/wiki/Bayanlar_Baylar,2000-2005
/wiki/Belal%C4%B1_Bald%C4%B1z,2000-2005
/wiki/Be%C5%9Finci_Boyut_(dizi),2000-2005
/wiki/Beyaz_Gelincik,2000-2005
/wiki/Bir_%C4%B0stanbul_Masal%C4%B1,2000-2005
/wiki/Bizim_Evin_Halleri,2000-2005
/wiki/B%C3%BCy%C3%BCk_Bulu%C5%9Fma,2000-2005
/wiki/B%C3%BCy%C3%BCk_Yalan,2000-2005
/wiki/B%C3%BCy%C3%BCm%C3%BC%C5%9F_de_K%C3%BC%C3%A7%C3%BClm%C3%BC%C5%9F,2000-2005
/wiki/Cennet_Mahallesi,2000-2005
/wiki/%C3%87apk%C4%B1n_(dizi),2000-2005
/wiki/%C3%87emberimde_G%C3%BCl_Oya_(dizi),2000-2005
/wiki/%C3%87ocuklar_Duymas%C4%B1n,2000-2005
/wiki/%C3%87ocuklar_Ne_Olacak,2000-2005
/wiki/Dad%C4%B1_(dizi),2000-2005
/wiki/Ekmek_Teknesi,2000-2005
/wiki/Emret_Komutan%C4%B1m_(dizi),2000-2005
/wiki/En_Son_Babalar_Duyar,2000-2005
/wiki/Esir_%C5%9Eehrin_%C4%B0nsanlar%C4%B1_(dizi),2000-2005
/wiki/G%C3%BClbeyaz,2000-2005
/wiki/G%C3%BCm%C3%BC%C5%9F_(dizi),2000-2005
/wiki/Hayat_Bilgisi,2000-2005
/wiki/Haziran_Gecesi,2000-2005
"/wiki/Hekimo%C4%9Flu_(dizi,_2003)",2000-2005
/wiki/H%C4%B1rs%C4%B1z_Polis,2000-2005
/wiki/H%C3%BCrrem_Sultan_(dizi),2000-2005
/wiki/Gurbet_Kad%C4%B1n%C4%B1,2000-2005
/wiki/Ihlamurlar_Alt%C4%B1nda,2000-2005
/wiki/%C4%B0kinci_Bahar_(dizi),2000-2005
/wiki/Kad%C4%B1n_%C4%B0sterse,2000-2005
/wiki/Kalp_G%C3%B6z%C3%BC_(dizi),2000-2005
/wiki/Kamp%C3%BCsistan,2000-2005
/wiki/Kezban_Yenge,2000-2005
/wiki/K%C4%B1nal%C4%B1_Kar,2000-2005
/wiki/Ko%C3%A7um_Benim_(dizi),2000-2005
/wiki/Kurtlar_Vadisi_(dizi),2000-2005
/wiki/Kur%C5%9Fun_Yaras%C4%B1,2000-2005
/wiki/Lise_Defteri,2000-2005
/wiki/Mavi_R%C3%BCya,2000-2005
/wiki/Serseri_(dizi),2000-2005
/wiki/Sihirli_Annem,2000-2005
/wiki/S%C4%B1rlar_D%C3%BCnyas%C4%B1,2000-2005
/wiki/Sultan_Makam%C4%B1,2000-2005
/wiki/%C5%9Eubat_So%C4%9Fu%C4%9Fu,2000-2005
/wiki/%C5%9E%C3%B6hret_(dizi),2000-2005
/wiki/Tatl%C4%B1_Hayat_(dizi),2000-2005
/wiki/Vay_Anam_Vay,2000-2005
/wiki/Yabanc%C4%B1_Damat,2000-2005
/wiki/Yan%C4%B1k_Koza,2000-2005
/wiki/Yar%C4%B1m_Elma,2000-2005
/wiki/Yeditepe_%C4%B0stanbul,2000-2005
/wiki/Yeniden_%C3%87al%C4%B1ku%C5%9Fu,2000-2005
/wiki/Zehirli_%C3%87i%C3%A7ek_(dizi),2000-2005
/wiki/Zerda,2000-2005
/wiki/Acemi_Cad%C4%B1,2006
/wiki/Adak_(dizi),2006
/wiki/Arka_Sokaklar_(dizi),2006
/wiki/Binbir_Gece_(dizi),2006
/wiki/Doktorlar_(dizi),2006
/wiki/F%C4%B1rt%C4%B1na_(dizi),2006
/wiki/G%C3%B6n%C3%BCl_(dizi),2006
/wiki/Hat%C4%B1rla_Sevgili,2006
/wiki/Hayat_T%C3%BCrk%C3%BCs%C3%BC,2006
/wiki/%C4%B0ki_Aile,2006
/wiki/Kad%C4%B1n_%C4%B0sterse,2006
/wiki/Kaybolan_Y%C4%B1llar_(dizi),2006
/wiki/K%C4%B1nal%C4%B1_Kuzular,2006
/wiki/K%C4%B1r%C4%B1k_Kanatlar_(dizi),2006
/wiki/Kod_Ad%C4%B1,2006
/wiki/K%C3%B6pr%C3%BC_(dizi),2006
/wiki/Pertev_Bey%27in_%C3%9C%C3%A7_K%C4%B1z%C4%B1,2006
/wiki/Sa%C4%9F%C4%B1r_Oda,2006
/wiki/Selena_(dizi),2006
/wiki/Sevda_%C3%87i%C3%A7e%C4%9Fi_(dizi),2006
/wiki/S%C4%B1la_(dizi),2006
/wiki/Ya%C4%9Fmurdan_Sonra,2006
/wiki/Yalanc%C4%B1_Yarim_(dizi),2006
"/wiki/Yaprak_D%C3%B6k%C3%BCm%C3%BC_(dizi,_2006)",2006
/wiki/Ye%C5%9Feren_D%C3%BC%C5%9Fler,2006
/wiki/Annem,2007
/wiki/Arka_S%C4%B1radakiler,2007
/wiki/Asi_(dizi),2007
/wiki/A%C5%9Fk_Kap%C4%B1y%C4%B1_%C3%87al%C4%B1nca_(dizi),2007
/wiki/Bez_Bebek_(dizi),2007
/wiki/B%C4%B1%C3%A7ak_S%C4%B1rt%C4%B1_(dizi),2007
"/wiki/Dudaktan_Kalbe_(dizi,_2007)",2007
/wiki/Elveda_Derken,2007
/wiki/Elveda_Rumeli,2007
"/wiki/Fedai_(dizi,_2007)",2007
/wiki/Fesupanallah,2007
/wiki/Geni%C5%9F_Zamanlar_(dizi),2007
/wiki/Genco,2007
/wiki/Hakk%C4%B1n%C4%B1_Helal_Et,2007
/wiki/Hayal_ve_Ger%C3%A7ek,2007
/wiki/Hepsi_1,2007
/wiki/Karay%C4%B1lan_(dizi),2007
"/wiki/Kavak_Yelleri_(dizi,_2007)",2007
/wiki/Komedi_D%C3%BCkkan%C4%B1,2007
/wiki/Kurtlar_Vadisi_Pusu,2007
/wiki/Kurtlar_Vadisi_Ter%C3%B6r,2007
/wiki/Kuzey_R%C3%BCzg%C3%A2r%C4%B1,2007
/wiki/Mah%C5%9Fer-Nabucco%27nun_Zehri,2007
/wiki/Menek%C5%9Fe_ile_Halil,2007
/wiki/Parmakl%C4%B1klar_Ard%C4%B1nda,2007
/wiki/Sevgili_D%C3%BCn%C3%BCr%C3%BCm,2007
/wiki/S%C4%B1r_Gibi,2007
/wiki/Tatl%C4%B1_Bela_Fadime,2007
/wiki/Tek_T%C3%BCrkiye,2007
/wiki/Vazge%C3%A7_G%C3%B6nl%C3%BCm,2007
/wiki/Yeni_Evli,2007
/wiki/Yersiz_Yurtsuz,2007
/wiki/Zeliha%27n%C4%B1n_G%C3%B6zleri,2007
/wiki/1_Erkek_1_Kad%C4%B1n_2_%C3%87ocuk,2008
/wiki/Adanal%C4%B1,2008
/wiki/Akasya_Dura%C4%9F%C4%B1,2008
/wiki/A%C5%9Fk_Yakar,2008
"/wiki/A%C5%9Fk-%C4%B1_Memnu_(dizi,_2008)",2008
/wiki/A%C5%9Fk%C4%B1m_A%C5%9Fk%C4%B1m,2008
/wiki/Baba_Oca%C4%9F%C4%B1,2008
/wiki/Benim_Annem_Bir_Melek,2008
"/wiki/Bir_Varm%C4%B1%C5%9F_Bir_Yokmu%C5%9F_(dizi,_2008)",2008
/wiki/Can%C4%B1m_Ailem,2008
/wiki/Cesaretin_Var_M%C4%B1_A%C5%9Fka,2008
/wiki/%C3%87ok_G%C3%BCzel_Hareketler_Bunlar,2008
/wiki/Do%C4%9Fruluk_Ekseni,2008
/wiki/Doksandokuz,2008
/wiki/Doludizgin_Y%C4%B1llar,2008
"/wiki/Dur_Yolcu_(dizi,_2008)",2008
/wiki/Emret_Komutan%C4%B1m_(dizi),2008
/wiki/Eyvah_Halam,2008
/wiki/Gece_G%C3%BCnd%C3%BCz,2008
/wiki/G%C3%B6rg%C3%BCs%C3%BCzler_(dizi),2008
/wiki/G%C3%BCld%C3%BCnya_(dizi),2008
/wiki/Hepimiz_Birimiz_%C4%B0%C3%A7in,2008
/wiki/K%C4%B1rm%C4%B1z%C4%B1_I%C5%9F%C4%B1k,2008
/wiki/Kollama,2008
/wiki/K%C3%BC%C3%A7%C3%BCk_Kad%C4%B1nlar_(dizi),2008
/wiki/Memur_Muzaffer,2008
/wiki/Mert_ile_Gert,2008
/wiki/%C3%96l%C3%BCm_%C3%87i%C3%A7ekleri-Saraybosna,2008
/wiki/Pars:_Narkoter%C3%B6r,2008
/wiki/Pulsar_(dizi),2008
/wiki/S%C3%BCper_Babaanne,2008
/wiki/Unutma_Beni,2008
/wiki/Yalanc%C4%B1_Romantik,2008
/wiki/Yol_Arkada%C5%9F%C4%B1m_(dizi),2008
/wiki/Aile_Reisi,2009
/wiki/Aile_Saadeti,2009
"/wiki/Alt%C4%B1n_K%C4%B1zlar_(dizi,_2009)",2009
/wiki/Aynadaki_D%C3%BC%C5%9Fman,2009
"/wiki/Ayr%C4%B1l%C4%B1k_(dizi,_2009)",2009
/wiki/Bir_Bulut_Olsam,2009
/wiki/Bu_Kalp_Seni_Unutur_mu%3F_(dizi),2009
/wiki/Deniz_Y%C4%B1ld%C4%B1z%C4%B1_(dizi),2009
/wiki/Ezel_(dizi),2009
/wiki/Geni%C5%9F_Aile,2009
/wiki/Haneler,2009
"/wiki/Han%C4%B1m%C4%B1n_%C3%87iftli%C4%9Fi_(dizi,_2009)",2009
/wiki/Kahve_Bahane,2009
/wiki/Kapal%C4%B1%C3%A7ar%C5%9F%C4%B1_(dizi),2009
/wiki/Ritmini_Arayan_Kalpler,2009
/wiki/K%C3%BCl_ve_Ate%C5%9F,2009
/wiki/Makber_(dizi),2009
/wiki/Melekler_Korusun,2009
/wiki/Papatyam,2009
/wiki/Sakarya_F%C4%B1rat,2009
/wiki/S%C4%B1k%C4%B1_Dostlar_(dizi),2009
/wiki/Unutulmaz_(dizi),2009
/wiki/A%C5%9Fk_ve_Ceza,2010
/wiki/Behzat_%C3%87._Bir_Ankara_Polisiyesi,2010
/wiki/Bitmeyen_%C5%9Eark%C4%B1_(dizi),2010
"/wiki/%C3%87ocuklar_Duymas%C4%B1n_(dizi,_2010)",2010
/wiki/Deli_Sarayl%C4%B1,2010
/wiki/Farkl%C4%B1_Desenler,2010
/wiki/Fatmag%C3%BCl%27%C3%BCn_Su%C3%A7u_Ne%3F_(dizi),2010
/wiki/G%C3%B6n%C3%BCl_Ferman_Dinlemiyor_(dizi),2010
/wiki/G%C3%B6n%C3%BCl%C3%A7elen_(dizi),2010
/wiki/G%C3%BCneydo%C4%9Fudan_%C3%96yk%C3%BCler_%C3%96nce_Vatan,2010
/wiki/Halil_%C4%B0brahim_Sofras%C4%B1,2010
/wiki/Kader_%C3%87izgisi,2010
/wiki/Kan%C4%B1t_(dizi),2010
/wiki/K%C4%B1z%C4%B1m_Nerede%3F,2010
/wiki/K%C3%BC%C3%A7%C3%BCk_S%C4%B1rlar,2010
/wiki/K%C3%BCst%C3%BCm_%C3%87i%C3%A7e%C4%9Fi,2010
/wiki/Lale_Devri_(dizi),2010
/wiki/%C3%96%C4%9Fretmen_Kemal_(dizi),2010
/wiki/%C3%96yle_Bir_Ge%C3%A7er_Zaman_ki,2010
/wiki/%C5%9Eefkat_Tepe,2010
/wiki/%C5%9Een_Yuva,2010
"/wiki/T%C3%BCrk_Mal%C4%B1_(dizi,_2010)",2010
/wiki/T%C3%BCrkan_(dizi),2010
/wiki/Umut_Yolcular%C4%B1,2010
/wiki/Yah%C5%9Fi_Cazibe,2010
/wiki/Yer_G%C3%B6k_A%C5%9Fk,2010
/wiki/Ad%C4%B1n%C4%B1_Feriha_Koydum,2011
/wiki/Al_Yazmal%C4%B1m,2011
/wiki/Alemin_K%C4%B1ral%C4%B1,2011
/wiki/A%C5%9Fa%C4%9F%C4%B1_Yukar%C4%B1_Yemi%C5%9Flililer,2011
/wiki/Avrupa_Avrupa,2011
/wiki/Beni_Affet,2011
/wiki/Bir_%C3%87ocuk_Sevdim_(dizi),2011
/wiki/Canan_(dizi),2011
/wiki/Cennetin_S%C4%B1rlar%C4%B1,2011
/wiki/Dedektif_Memoli,2011
/wiki/Dinle_Sevgili_(dizi),2011
/wiki/Firar_(dizi),2011
/wiki/Hayat_Devam_Ediyor_(dizi),2011
/wiki/%C4%B0ffet_(dizi),2011
/wiki/%C4%B0stanbul%E2%80%99un_Alt%C4%B1nlar%C4%B1,2011
/wiki/%C4%B0zmir_%C3%87etesi,2011
"/wiki/Ke%C5%9Fanl%C4%B1_Ali_Destan%C4%B1_(dizi,_2011)",2011
/wiki/Kur%C5%9Fun_Bilal,2011
/wiki/Kuzey_G%C3%BCney,2011
"/wiki/K%C3%BC%C3%A7%C3%BCk_Han%C4%B1mefendi_(dizi,_2011)",2011
/wiki/Leyla_ile_Mecnun_(dizi),2011
/wiki/Mavi_Kelebekler,2011
/wiki/Mazi_Kalbimde_Yarad%C4%B1r_(dizi),2011
/wiki/Muhte%C5%9Fem_Y%C3%BCzy%C4%B1l,2011
/wiki/Pis_Yedili_(dizi),2011
/wiki/Reis_(dizi),2011
/wiki/Sen_de_Gitme_(dizi),2011
/wiki/Sihirli_Annem,2011
/wiki/T%C3%B6vbeler_T%C3%B6vbesi,2011
/wiki/Umutsuz_Ev_Kad%C4%B1nlar%C4%B1,2011
/wiki/%C3%9Csk%C3%BCdar%27a_Giderken,2011
/wiki/Yamak_Ahmet,2011
/wiki/6_Mant%C4%B1,2012
/wiki/Acayip_Hikayeler,2012
/wiki/Ad%C4%B1n%C4%B1_Feriha_Koydum:_Emir%27in_Yolu,2012
/wiki/A%C4%9F%C4%B1r_Roman_Yeni_D%C3%BCnya,2012
/wiki/Benim_%C4%B0%C3%A7in_%C3%9Cz%C3%BClme_(dizi),2012
/wiki/Bir_Zamanlar_Osmanl%C4%B1,2012
/wiki/B%C3%B6yle_Bitmesin,2012
/wiki/Dila_Han%C4%B1m_(dizi),2012
/wiki/D%C3%BC%C5%9Fman_Karde%C5%9Fler_(dizi),2012
/wiki/Esir_%C5%9Eehrin_G%C3%B6zya%C5%9Flar%C4%B1_-_Bir_Ferhat_ile_%C5%9Eirin_Hikayesi,2012
/wiki/Eve_D%C3%BC%C5%9Fen_Y%C4%B1ld%C4%B1r%C4%B1m,2012
/wiki/Evlerden_Biri_(dizi),2012
/wiki/Harem_(dizi),2012
/wiki/Hayat%C4%B1m%C4%B1n_Rol%C3%BC_(dizi),2012
/wiki/Huzur_Soka%C4%9F%C4%B1_(dizi),2012
/wiki/%C4%B0breti_Ailem,2012
/wiki/%C4%B0ki_D%C3%BCnya_Aras%C4%B1nda,2012
/wiki/%C4%B0%C5%9Fler_G%C3%BC%C3%A7ler,2012
/wiki/Karaday%C4%B1_(dizi),2012
/wiki/Kay%C4%B1p_%C5%9Eehir_(dizi),2012
/wiki/Koyu_K%C4%B1rm%C4%B1z%C4%B1,2012
/wiki/K%C3%B6t%C3%BC_Yol_(dizi),2012
/wiki/Kurt_Kanunu_(dizi),2012
/wiki/K%C3%BC%C3%A7%C3%BCk_K%C4%B1yamet_(dizi),2012
/wiki/Merhaba_Hayat,2012
/wiki/Seksenler,2012
/wiki/Son_(dizi),2012
/wiki/Sultan_(dizi),2012
/wiki/Suskunlar_(dizi),2012
/wiki/%C5%9Eubat_(dizi),2012
/wiki/T%C3%BCrk%27%C3%BCn_Uzayla_%C4%B0mtihan%C4%B1,2012
/wiki/Ustura_Kemal_(dizi),2012
/wiki/Veda_(dizi),2012
"/wiki/Yalan_D%C3%BCnya_(dizi,_2012)",2012
/wiki/Zengin_K%C4%B1z_Fakir_O%C4%9Flan,2012
/wiki/20_Dakika,2013
/wiki/Arkada%C5%9F%C4%B1m_Ho%C5%9Fgeldin,2013
/wiki/A.%C5%9E.K.,2013
/wiki/A%C5%9Fk%C4%B1n_Bedeli,2013
/wiki/Ald%C4%B1rma_G%C3%B6n%C3%BCl_(dizi),2013
/wiki/Aram%C4%B1zda_Kals%C4%B1n,2013
/wiki/A%C5%9Fk_Ekmek_Hayaller,2013
/wiki/Babam_S%C4%B1n%C4%B1fta_Kald%C4%B1,2013
/wiki/Bebek_%C4%B0%C5%9Fi,2013
/wiki/Ben_de_%C3%96zledim_(dizi),2013
/wiki/Beni_B%C3%B6yle_Sev,2013
/wiki/Ben_Onu_%C3%87ok_Sevdim,2013
/wiki/Benim_Hala_Umudum_Var,2013
/wiki/Bir_A%C5%9Fk_Hikayesi_(dizi),2013
/wiki/Bizim_Okul,2013
"/wiki/%C3%87al%C4%B1ku%C5%9Fu_(dizi,_2013)",2013
"/wiki/%C3%87ocuklar_Duymas%C4%B1n_(dizi,_2013)",2013
/wiki/Doksanlar,2013
/wiki/Emret_Komutan%C4%B1m_Yeniden,2013
/wiki/Eski_Hik%C3%A2ye,2013
/wiki/Fatih_(dizi),2013
/wiki/Fatih_Harbiye_(dizi),2013
/wiki/F%C4%B1r%C4%B1ldak_Ailesi,2013
/wiki/Galip_Dervi%C5%9F,2013
/wiki/G%C3%B6n%C3%BCl_H%C4%B1rs%C4%B1z%C4%B1_(dizi),2013
/wiki/G%C3%BCne%C5%9Fi_Beklerken_(dizi),2013
/wiki/G%C3%BCld%C3%BCr_G%C3%BCld%C3%BCr,2013
/wiki/G%C3%BCzel_%C3%87irkin,2013
/wiki/Her_%C5%9Eey_Yolunda_(dizi),2013
/wiki/H%C4%B1yanet_Sarmal%C4%B1,2013
/wiki/%C4%B0nad%C4%B1na_Ya%C5%9Famak_(dizi),2013
/wiki/%C4%B0ntikam_(dizi),2013
"/wiki/Ka%C3%A7ak_(dizi,_2013)",2013
/wiki/Karag%C3%BCl,2013
/wiki/Kay%C4%B1p_(dizi),2013
/wiki/K%C3%BC%C3%A7%C3%BCk_Gelin,2013
/wiki/Medcezir_(dizi),2013
/wiki/Merhamet_(dizi),2013
/wiki/Osmanl%C4%B1_Tokad%C4%B1_(dizi),2013
/wiki/Sakl%C4%B1_Kalan,2013
/wiki/Salih_Ku%C5%9Fu,2013
/wiki/Sana_Bir_S%C4%B1r_Verece%C4%9Fim,2013
/wiki/Tatar_Ramazan_(dizi),2013
/wiki/1_Erkek_1_Kad%C4%B1n_2_%C3%87ocuk,2014
/wiki/Al%C4%B1n_Yaz%C4%B1m,2014
/wiki/Ankara%27n%C4%B1n_Dikmen%27i,2014
/wiki/Benim_Ad%C4%B1m_G%C3%BCltepe,2014
/wiki/Beyaz_Karanfil,2014
/wiki/Boynu_B%C3%BCk%C3%BCkler_(dizi),2014
/wiki/B%C3%BCy%C3%BCk_S%C4%B1r,2014
/wiki/Cinayet_(dizi),2014
/wiki/Dirili%C5%9F_Ertu%C4%9Frul,2014
/wiki/D%C3%BC%C5%9Fler_ve_Umutlar,2014
/wiki/Elif_(dizi),2014
/wiki/Filinta_(dizi),2014
/wiki/G%C3%B6n%C3%BCl_%C4%B0%C5%9Fleri,2014
/wiki/G%C3%BCllerin_Sava%C5%9F%C4%B1,2014
/wiki/G%C3%BCzel_K%C3%B6yl%C3%BC,2014
/wiki/Her_Sevda_Bir_Veda,2014
/wiki/Hom_Ofis,2014
/wiki/Ka%C3%A7ak_Gelinler,2014
/wiki/Kaderimin_Yaz%C4%B1ld%C4%B1%C4%9F%C4%B1_G%C3%BCn,2014
/wiki/Kara_Para_A%C5%9Fk,2014
/wiki/Karde%C5%9F_Pay%C4%B1,2014
/wiki/Kertenkele_(dizi),2014
/wiki/K%C4%B1z%C4%B1l_Elma_(dizi),2014
/wiki/Kiraz_Mevsimi_(dizi),2014
/wiki/Kocam%C4%B1n_Ailesi,2014
/wiki/Kurt_Seyit_ve_%C5%9Eura_(dizi),2014
"/wiki/K%C3%BC%C3%A7%C3%BCk_A%C4%9Fa_(dizi,_2014)",2014
/wiki/Not_Defteri_(dizi),2014
/wiki/O_Hayat_Benim,2014
/wiki/Parampar%C3%A7a_(dizi),2014
/wiki/Reaksiyon_(dizi),2014
/wiki/Roman_Havas%C4%B1,2014
/wiki/Ruhumun_Aynas%C4%B1,2014
/wiki/Sungurlar,2014
/wiki/%C5%9Eeref_Meselesi,2014
/wiki/%C5%9Eimdi_Onlar_D%C3%BC%C5%9F%C3%BCns%C3%BCn,2014
/wiki/Ulan_%C4%B0stanbul,2014
/wiki/Yedi_G%C3%BCzel_Adam,2014
/wiki/Ye%C5%9Fil_Deniz,2014
/wiki/Yetim_G%C3%B6n%C3%BCller,2014
/wiki/Y%C4%B1lanlar%C4%B1n_%C3%96c%C3%BC_(dizi),2014
/wiki/Zeytin_Tepesi,2014
/wiki/Ac%C4%B1_A%C5%9Fk_(dizi),2015
/wiki/Acil_A%C5%9Fk_Aran%C4%B1yor,2015
/wiki/Ad%C4%B1_Mutluluk,2015
/wiki/Analar_ve_Anneler,2015
/wiki/Asla_Vazge%C3%A7mem,2015
"/wiki/A%C5%9Fk_Yeniden_(dizi,_2015)",2015
/wiki/A%C5%9Fk_ve_G%C3%BCnah,2015
"/wiki/Ayr%C4%B1lsak_da_Beraberiz_(dizi,_2015)",2015
/wiki/Azim_Kahraman%C4%B1_Ay%C5%9Fe,2015
/wiki/Baba_Cand%C4%B1r,2015
/wiki/Bana_Baba_Dedi,2015
/wiki/Bedel_(dizi),2015
/wiki/Be%C5%9F_Karde%C5%9F,2015
/wiki/Bir_Deniz_Hikayesi,2015
/wiki/Bir_Modern_Habil_Kabil_Hikayesi,2015
/wiki/Buyur_Bi%27De_Burdan_Bak,2015
/wiki/B%C3%BCy%C3%BCk_S%C3%BCrg%C3%BCn_Kafkasya,2015
/wiki/%C3%87%C4%B1nar%C4%B1n_G%C3%B6lgesinde,2015
/wiki/%C3%87ilek_Kokusu,2015
/wiki/E%C5%9Fk%C4%B1ya_D%C3%BCnyaya_H%C3%BCk%C3%BCmdar_Olmaz_(dizi),2015
/wiki/Evli_ve_%C3%96fkeli,2015
/wiki/G%C3%BCne%C5%9Fin_K%C4%B1zlar%C4%B1,2015
/wiki/Heredot_Cevdet_Saati,2015
/wiki/%C4%B0li%C5%9Fki_Durumu:_Kar%C4%B1%C5%9F%C4%B1k,2015
/wiki/%C4%B0nad%C4%B1na_A%C5%9Fk,2015
/wiki/Kalbim_Ege%27de_Kald%C4%B1,2015
/wiki/Kara_Ekmek,2015
/wiki/Kara_Sevda_(dizi),2015
/wiki/K%C4%B1rg%C4%B1n_%C3%87i%C3%A7ekler,2015
/wiki/Kiral%C4%B1k_A%C5%9Fk,2015
/wiki/Maral:_En_G%C3%BCzel_Hikayem,2015
/wiki/Muhte%C5%9Fem_Y%C3%BCzy%C4%B1l_K%C3%B6sem,2015
/wiki/Poyraz_Karayel,2015
/wiki/Racon:_Ailem_%C4%B0%C3%A7in,2015
/wiki/Sen_Benimsin_(dizi),2015
/wiki/Ser%C3%A7e_Saray%C4%B1,2015
/wiki/Sevdam_Alabora,2015
/wiki/%C5%9Eehrin_Melekleri,2015
/wiki/Tatl%C4%B1_K%C3%BC%C3%A7%C3%BCk_Yalanc%C4%B1lar,2015
/wiki/Yaz%27%C4%B1n_%C3%96yk%C3%BCs%C3%BC,2015
/wiki/Yeter_(dizi),2015
/wiki/Yunus_Emre_A%C5%9Fk%C4%B1n_Yolculu%C4%9Fu,2015
/wiki/46_Yok_Olan,2016
/wiki/Ad%C4%B1n%C4%B1_Sen_Koy_(dizi),2016
/wiki/Aile_%C4%B0%C5%9Fi,2016
/wiki/Alt%C4%B1nsoylar,2016
/wiki/Anne_(dizi),2016
/wiki/Arkada%C5%9Flar_%C4%B0yidir,2016
/wiki/A%C5%9Fk_Laftan_Anlamaz,2016
/wiki/A%C5%9Fk_ve_Mavi,2016
/wiki/Bana_Sevmeyi_Anlat,2016
/wiki/Bodrum_Masal%C4%B1,2016
"/wiki/Cesur_ve_G%C3%BCzel_(dizi,_2016)",2016
/wiki/Cesur_Y%C3%BCrek_(dizi),2016
/wiki/%C3%87ifte_Saadet,2016
/wiki/Familya_(dizi),2016
/wiki/Gecenin_Krali%C3%A7esi,2016
/wiki/G%C3%BCld%C3%BCy_G%C3%BCld%C3%BCy_Show_%C3%87ocuk,2016
/wiki/G%C3%BCl%C3%BCmse_Yeter,2016
/wiki/Hangimiz_Sevmedik_(dizi),2016
/wiki/Han%C4%B1m_K%C3%B6yl%C3%BC,2016
"/wiki/Hayat_Bazen_Tatl%C4%B1d%C4%B1r_(dizi,_2016)",2016
/wiki/Hayat_Sevince_G%C3%BCzel_(dizi),2016
/wiki/Hayat_%C5%9Eark%C4%B1s%C4%B1,2016
/wiki/Hayat%C4%B1m%C4%B1n_A%C5%9Fk%C4%B1,2016
/wiki/%C4%B0%C3%A7erde,2016
/wiki/%C4%B0li%C5%9Fki_Durumu:_Evli,2016
/wiki/%C4%B0stanbul_Sokaklar%C4%B1,2016
/wiki/Ka%C3%A7%C4%B1n_Kuras%C4%B1,2016
/wiki/Kalbimdeki_Deniz,2016
/wiki/Kan%C4%B1t:_Ate%C5%9F_%C3%9Cst%C3%BCnde,2016
/wiki/Kehribar_(dizi),2016
/wiki/K%C4%B1%C5%9F_G%C3%BCne%C5%9Fi,2016
/wiki/K%C3%B6rd%C3%BC%C4%9F%C3%BCm_(dizi),2016
/wiki/M%C3%BCd%C3%BCr_Ne%27apt%C4%B1n%3F,2016
/wiki/No_309,2016
/wiki/N%27olur_Ayr%C4%B1lal%C4%B1m,2016
/wiki/Rengarenk_(dizi),2016
/wiki/R%C3%BCzgar%C4%B1n_Kalbi,2016
/wiki/Sedd%C3%BClbahir_32_Saat,2016
/wiki/Sevda_Ku%C5%9Fun_Kanad%C4%B1nda_(dizi),2016
/wiki/Seviyor_Sevmiyor,2016
/wiki/S%C4%B1f%C4%B1r_Bir,2016
/wiki/%C5%9Eahane_Damat,2016
/wiki/Tatl%C4%B1_%C4%B0ntikam,2016
/wiki/Umuda_Kelep%C3%A7e_Vurulmaz,2016
/wiki/Vatan%C4%B1m_Sensin,2016
/wiki/Y%C3%BCksek_Sosyete_(dizi),2016
/wiki/Y%C3%BCzy%C4%B1ll%C4%B1k_M%C3%BCh%C3%BCr,2016
/wiki/7_Y%C3%BCz,2017
/wiki/Ad%C4%B1_Efsane,2017
/wiki/Aslan_Ailem,2017
/wiki/A%C5%9Fk-%C4%B1_Roman,2017
/wiki/A%C5%9Fk_ve_Gurur_(dizi),2017
/wiki/Ate%C5%9Fb%C3%B6ce%C4%9Fi_(dizi),2017
/wiki/Badem_%C5%9Eekeri_(film_serisi),2017
/wiki/Bahtiyar_%C3%96lmez,2017
/wiki/Bir_Deli_Sevda,2017
/wiki/Bizim_Hikaye_(dizi),2017
/wiki/Bu_%C5%9Eehir_Arkandan_Gelecek,2017
/wiki/Cennet%27in_G%C3%B6zya%C5%9Flar%C4%B1,2017
/wiki/%C3%87ember_(film_serisi),2017
/wiki/%C3%87oban_Y%C4%B1ld%C4%B1z%C4%B1_(dizi),2017
"/wiki/%C3%87ocuklar_Duymas%C4%B1n_(dizi,_2017)",2017
/wiki/%C3%87ukur_(dizi),2017
/wiki/Dayan_Y%C3%BCre%C4%9Fim,2017
/wiki/Deli_G%C3%B6n%C3%BCl,2017
/wiki/Dolunay_(dizi),2017
/wiki/Dostlar_Mahallesi,2017
/wiki/Evlat_Kokusu,2017
/wiki/Fazilet_Han%C4%B1m_ve_K%C4%B1zlar%C4%B1,2017
/wiki/Fi_(dizi),2017
/w/index.php?title=Gen%C3%A7lik_Ba%C5%9F%C4%B1mda_Duman_(dizi)&action=edit&redlink=1,2017
/w/index.php?title=G%C3%B6r%C3%BCnen_Adam&action=edit&redlink=1,2017
/w/index.php?title=Hayat_S%C4%B1rlar%C4%B1&action=edit&redlink=1,2017
/wiki/Hayati_ve_Di%C4%9Ferleri,2017
/wiki/%C4%B0%C3%A7imdeki_F%C4%B1rt%C4%B1na,2017
/wiki/%C4%B0ki_Yalanc%C4%B1,2017
/wiki/%C4%B0kisini_de_Sevdim,2017
/wiki/%C4%B0simsizler,2017
/wiki/%C4%B0stanbullu_Gelin,2017
/wiki/Kad%C4%B1n_(dizi),2017
/wiki/Kalk_Gidelim,2017
/wiki/Kara_Yaz%C4%B1,2017
/wiki/Kanats%C4%B1z_Ku%C5%9Flar_(dizi),2017
/wiki/Kalp_At%C4%B1%C5%9F%C4%B1,2017
/wiki/Kay%C4%B1td%C4%B1%C5%9F%C4%B1_(dizi),2017
/w/index.php?title=K%C4%B1rlang%C4%B1%C3%A7_F%C4%B1rt%C4%B1nas%C4%B1_(dizi)&action=edit&redlink=1,2017
/wiki/K%C4%B1zlar%C4%B1m_%C4%B0%C3%A7in,2017
/wiki/Klavye_Delikanl%C4%B1lar%C4%B1,2017
/wiki/Lise_Devriyesi,2017
/wiki/Masum_(dizi),2017
/wiki/Meryem_(dizi),2017
/wiki/Nerdesin_Birader,2017
/wiki/%C3%96lene_Kadar,2017
/wiki/Payitaht_Abd%C3%BClhamid,2017
/wiki/R%C3%BCya_(dizi),2017
/wiki/Sahipli,2017
/wiki/Sava%C5%9F%C3%A7%C4%B1_(dizi),2017
/wiki/Seni_Kimler_Ald%C4%B1,2017
/wiki/Sevda%27n%C4%B1n_Bah%C3%A7esi,2017
/wiki/Seven_Ne_Yapmaz_(dizi),2017
/wiki/Siyah_Beyaz_A%C5%9Fk,2017
/wiki/Siyah_%C4%B0nci_(dizi),2017
/wiki/S%C3%B6z_(dizi),2017
/wiki/%C5%9Eevkat_Yerimdar_(dizi),2017
"/wiki/Tutsak_(dizi,_2017)",2017
"/wiki/T%C3%BCrk_Mal%C4%B1_(dizi,_2017)",2017
/wiki/Ufak_Tefek_Cinayetler,2017
/wiki/Ver_Elini_A%C5%9Fk,2017
/wiki/Yalaza_(dizi),2017
/wiki/Yeni_Gelin,2017
/wiki/Y%C4%B1ld%C4%B1zlar_%C5%9Eahidim,2017
/wiki/Y%C3%BCz_Y%C3%BCze_(dizi),2017
/wiki/4N1K_%C4%B0lk_A%C5%9Fk,2018
/wiki/8._G%C3%BCn_(dizi),2018
/wiki/A%C4%9Flama_Anne,2018
/wiki/Avlu_(dizi),2018
/wiki/Bartu_Ben,2018
/wiki/Beni_B%C4%B1rakma_(dizi),2018
/wiki/Bir_Deli_R%C3%BCzgar,2018
/wiki/Bir_Litre_G%C3%B6zya%C5%9F%C4%B1,2018
/wiki/Bir_Mucize_Olsun,2018
/wiki/Bir_Umut_Yeter,2018
/wiki/Bir_Zamanlar_%C3%87ukurova,2018
/wiki/Bozk%C4%B1r_(dizi),2018
/wiki/B%C3%B6r%C3%BC,2018
/wiki/Can_K%C4%B1r%C4%B1klar%C4%B1_(dizi),2018
/wiki/%C3%87arp%C4%B1%C5%9Fma_(dizi),2018
/wiki/Dar%C4%B1s%C4%B1_Ba%C5%9F%C4%B1m%C4%B1za,2018
/wiki/Dip,2018
/wiki/Dudullu_Postas%C4%B1,2018
/wiki/Ege%27nin_Hamsisi,2018
/wiki/Elimi_B%C4%B1rakma,2018
/wiki/Erkenci_Ku%C5%9F,2018
/wiki/G%C3%BClizar_(dizi),2018
/wiki/G%C3%BClperi_(dizi),2018
/wiki/Hakan:_Muhaf%C4%B1z,2018
/wiki/H%C4%B1%C3%A7k%C4%B1r%C4%B1k_(dizi),2018
/wiki/%C4%B0kizler_Memo-Can,2018
/wiki/%C4%B0nsanl%C4%B1k_Su%C3%A7u_(dizi),2018
/wiki/Jet_Sosyete,2018
/wiki/Kalbimin_Sultan%C4%B1,2018
/wiki/K%C4%B1z%C4%B1m,2018
/wiki/Koca_Koca_Yalanlar,2018
/wiki/Kocaman_Ailem,2018
/wiki/Masum_De%C4%9Filiz,2018
/wiki/Mehmet%C3%A7ik_Kut%27%C3%BCl_Amare,2018
/wiki/Mehmet%C3%A7ik_Kut%27%C3%BCl_Amare,2018
/wiki/Mehmed:_Bir_Cihan_Fatihi,2018
/wiki/Meleklerin_A%C5%9Fk%C4%B1,2018
/wiki/Muhte%C5%9Fem_%C4%B0kili_(dizi),2018
/wiki/Nefes_Nefese_(dizi),2018
/wiki/Sen_Anlat_Karadeniz,2018
/wiki/Servet_(dizi),2018
/wiki/%C5%9Eahin_Tepesi_(dizi),2018
/wiki/%C5%9Eahsiyet_(dizi),2018
/wiki/Tehlikeli_Kar%C4%B1m,2018
/wiki/Tozkoparan_(dizi),2018
"/wiki/Yasak_Elma_(dizi,_2018)",2018
/wiki/Ya%C5%9Famayanlar,2018
/wiki/Yuvamdaki_D%C3%BC%C5%9Fman,2018
/wiki/Afili_A%C5%9Fk,2019
/wiki/A%C5%9Fk_A%C4%9Flat%C4%B1r,2019
/wiki/Atiye_(dizi),2019
/wiki/Aynen_Aynen,2019
"/wiki/Azize_(dizi,_2019)",2019
/wiki/Behzat_%C3%87._Bir_Ankara_Polisiyesi,2019
/wiki/Benim_Ad%C4%B1m_Melek,2019
/wiki/Benim_Tatl%C4%B1_Yalan%C4%B1m,2019
/wiki/Bir_Aile_Hikayesi,2019
/wiki/Canevim,2019
/wiki/%C3%87ocuk_(dizi),2019
/wiki/%C3%87ok_G%C3%BCzel_Hareketler_2,2019
/wiki/Dengi_Dengine,2019
/wiki/Do%C4%9Fdu%C4%9Fun_Ev_Kaderindir,2019
/wiki/Ferhat_ile_%C5%9Eirin_(dizi),2019
/wiki/G%C3%BCvercin_(dizi),2019
/wiki/Halka_(dizi),2019
"/wiki/Hekimo%C4%9Flu_(dizi,_2019)",2019
/wiki/Her_Yerde_Sen,2019
/wiki/Hercai,2019
/wiki/%C4%B0ncir_A%C4%9Fac%C4%B1,2019
/wiki/Karde%C5%9F_%C3%87ocuklar%C4%B1,2019
/wiki/Kimse_Bilmez,2019
/wiki/Kur%C5%9Fun_(dizi),2019
/wiki/Kurulu%C5%9F_Osman,2019
/wiki/Kuzey_Y%C4%B1ld%C4%B1z%C4%B1_%C4%B0lk_A%C5%9Fk,2019
"/wiki/Kuzgun_(dizi,_2019)",2019
/wiki/Leke_(dizi),2019
/wiki/Mucize_Doktor,2019
/wiki/N%C3%B6bet_(dizi),2019
/wiki/Sefirin_K%C4%B1z%C4%B1,2019
/wiki/Sevdim_Seni_Bir_Kere,2019
/wiki/Sevgili_Ge%C3%A7mi%C5%9F,2019
/wiki/%C5%9Eampiyon_(dizi),2019
/wiki/Tek_Y%C3%BCrek_(dizi),2019
/wiki/Vurgun_(dizi),2019
/wiki/Vuslat_(dizi),2019
/wiki/Yaral%C4%B1_Ku%C5%9Flar,2019
/wiki/Yemin_(dizi),2019
/wiki/Y%C3%BCzle%C5%9Fme,2019
/wiki/Zalim_%C4%B0stanbul,2019
/wiki/Zengin_ve_Yoksul,2019
/wiki/10_Bin_Ad%C4%B1m,2020
/wiki/Anneler,2020
/wiki/Akrep_(dizi),2020
/wiki/Alef_(dizi),2020
"/wiki/Alev_Alev_(dizi,_2020)",2020
/wiki/Ar%C4%B1za_(dizi),2020
/wiki/A%C5%9Fk_101,2020
/wiki/Babam_%C3%87ok_De%C4%9Fi%C5%9Fti,2020
/wiki/Babil_(dizi),2020
/wiki/Baraj_(dizi),2020
/wiki/Bay_Yanl%C4%B1%C5%9F,2020
/wiki/Bir_Annenin_G%C3%BCnah%C4%B1,2020
/wiki/Bir_Ba%C5%9Fkad%C4%B1r,2020
/wiki/%C3%87at%C4%B1_Kat%C4%B1_A%C5%9Fk,2020
/wiki/%C3%87%C4%B1plak_(dizi),2020
/wiki/%C3%87ocukluk_(dizi),2020
"/wiki/Emanet_(dizi,_2020)",2020
/wiki/Ev_Yap%C4%B1m%C4%B1,2020
/wiki/Gel_Dese_A%C5%9Fk,2020
/wiki/Gen%C3%A7li%C4%9Fim_Eyvah,2020
/wiki/G%C3%B6n%C3%BCl_Da%C4%9F%C4%B1,2020
/wiki/Hizmet%C3%A7iler,2020
/wiki/%C4%B0yi_G%C3%BCnde_K%C3%B6t%C3%BC_G%C3%BCnde_(dizi),2020
/wiki/Kafa_Doktoru,2020
/wiki/Kefaret_(dizi),2020
/wiki/K%C4%B1rm%C4%B1z%C4%B1_Oda,2020
/wiki/Maria_ile_Mustafa,2020
/wiki/Masumlar_Apartman%C4%B1,2020
/wiki/Menajerimi_Ara,2020
/wiki/%C3%96%C4%9Fretmen_(dizi),2020
/wiki/Ramo,2020
/wiki/Rise_of_Empires:_Ottoman,2020
/wiki/Sadakatsiz,2020
/wiki/Sayg%C4%B1:_Bir_Erc%C3%BCment_%C3%87%C3%B6zer_Dizisi,2020
/wiki/Sen_%C3%87al_Kap%C4%B1m%C4%B1,2020
/wiki/Soka%C4%9F%C4%B1n_%C3%87ocuklar%C4%B1,2020
/wiki/Sol_Yan%C4%B1m_(dizi),2020
/wiki/%C5%9Ea%C5%9Fk%C4%B1n_Bakkal_216,2020
/wiki/%C5%9Eeref_S%C3%B6z%C3%BC_(dizi),2020
/wiki/T%C3%B6vbeler_Olsun,2020
/wiki/Tutunamayanlar_(dizi),2020
/wiki/T%C3%BCrkan_Han%C4%B1m%27%C4%B1n_Kona%C4%9F%C4%B1,2020
/wiki/Uyan%C4%B1%C5%9F:_B%C3%BCy%C3%BCk_Sel%C3%A7uklu,2020
/wiki/Ya_%C4%B0stiklal_Ya_%C3%96l%C3%BCm_(dizi),2020
/wiki/Yar%C4%B1m_Kalan_A%C5%9Fklar,2020
"/wiki/Yeni_Hayat_(dizi,_2020)",2020
/wiki/Zemheri_(dizi),2020
/wiki/Z%C3%BCmr%C3%BCd%C3%BCanka_(dizi),2020
/wiki/50m2,2021
/wiki/Acans,2021
/wiki/Ada_Masal%C4%B1,2021
/wiki/Ad%C4%B1m_Ba%C5%9F%C4%B1_Kafe,2021
/wiki/Ak%C4%B1nc%C4%B1_(dizi),2021
/wiki/Alparslan:_B%C3%BCy%C3%BCk_Sel%C3%A7uklu,2021
/wiki/Annemizi_Saklarken,2021
/wiki/A%C5%9Fk%C4%B1n_Tarifi_(dizi),2021
/wiki/A%C5%9Fk_Mant%C4%B1k_%C4%B0ntikam,2021
/wiki/Ayak_%C4%B0%C5%9Fleri,2021
/wiki/Aziz_(dizi),2021
/wiki/Babam_%C3%87ok_De%C4%9Fi%C5%9Fti,2021
/wiki/Baht_Oyunu,2021
/wiki/Barbaroslar:_Akdeniz%27in_K%C4%B1l%C4%B1c%C4%B1,2021
/wiki/Ba%C5%9F_Belas%C4%B1_(dizi),2021
/wiki/Benim_Hayat%C4%B1m_(dizi),2021
/wiki/Bir_Yeralt%C4%B1_Sit-Com%27u,2021
/wiki/K%C4%B1br%C4%B1s:_Zafere_Do%C4%9Fru,2021
/w/index.php?title=Bizi_Ay%C4%B1ran_%C3%87izgi&action=edit&redlink=1,2021
/wiki/Bonkis,2021
/wiki/Bozk%C4%B1r_Arslan%C4%B1_Celaleddin,2021
/wiki/B%C3%B6r%C3%BC_2039,2021
/wiki/Cam_Tavanlar,2021
/wiki/Camdaki_K%C4%B1z_(dizi),2021
/wiki/%C3%87ember_(film_serisi),2021
/wiki/Destan_(dizi),2021
/wiki/Do%C4%9Fu_(dizi),2021
/wiki/D%C3%BCnya_Hali_(dizi),2021
/w/index.php?title=Eee_Sonra%3F&action=edit&redlink=1,2021
/wiki/Elk%C4%B1z%C4%B1,2021
/wiki/Elbet_Bir_G%C3%BCn,2021
/wiki/Evlilik_Hakk%C4%B1nda_Her_%C5%9Eey,2021
/w/index.php?title=Ex_A%C5%9Fk%C4%B1m_(dizi)&action=edit&redlink=1,2021
/wiki/Etkileyici,2021
/wiki/Fandom_(dizi),2021
/wiki/Fatma_(dizi),2021
/wiki/Gibi,2021
/wiki/Hamlet_(dizi),2021
/wiki/Hi%C3%A7_(dizi),2021
/wiki/H%C3%BCk%C3%BCms%C3%BCz,2021
/wiki/%C4%B0%C3%A7imizden_Biri,2021
/wiki/%C4%B0kimizin_S%C4%B1rr%C4%B1,2021
/wiki/%C4%B0lgin%C3%A7_Baz%C4%B1_Olaylar,2021
"/wiki/%C4%B0lk_ve_Son_(dizi,_2021)",2021
/wiki/%C4%B0%C5%9Fte_Bu_Benim_Masal%C4%B1m,2021
/wiki/Kaderimin_Oyunu_(dizi),2021
/wiki/Ka%C4%9F%C4%B1t_Ev_(dizi),2021
/wiki/Kalp_Yaras%C4%B1,2021
/wiki/Kanunsuz_Topraklar,2021
/wiki/Karde%C5%9Flerim,2021
/wiki/Kazara_A%C5%9Fk,2021
/wiki/Kahraman_Babam,2021
"/wiki/K%C4%B1r%C4%B1k_Hayatlar_(dizi,_2021)",2021
/wiki/Kul%C3%BCp_(dizi),2021
/wiki/Leyla_ile_Mecnun_(dizi),2021
/wiki/Mahkum_(dizi),2021
/wiki/Mahrem_(belgesel),2021
/wiki/Mara%C5%9Fl%C4%B1_(dizi),2021
/w/index.php?title=Masal_%C5%9Eatosu:_Peri_H%C4%B1rs%C4%B1z%C4%B1&action=edit&redlink=1,2021
/wiki/Masumiyet_(dizi),2021
/wiki/Mavera_(dizi),2021
/wiki/Misafir_(dizi),2021
/wiki/Ola%C4%9Fan_%C5%9E%C3%BCpheliler_(dizi),2021
/w/index.php?title=Orta_Kafa_A%C5%9Fk&action=edit&redlink=1,2021
/wiki/%C3%96l%C3%BCm_Zaman%C4%B1,2021
/w/index.php?title=%C3%96zelden_Y%C3%BCr%C3%BCyenler&action=edit&redlink=1,2021
/wiki/Sakl%C4%B1_(dizi),2021
/wiki/Sana_S%C3%B6z,2021
/wiki/Seni_%C3%87ok_Bekledim,2021
/w/index.php?title=Sesli_G%C3%BCld%C3%BCm&action=edit&redlink=1,2021
/wiki/Seyyar_(dizi),2021
"/wiki/Sihirli_Annem_(dizi,_2021)",2021
/wiki/Son_Yaz,2021
/wiki/%C5%9Eeref_Bey_(dizi),2021
/wiki/Te%C5%9Fkilat_(dizi),2021
/wiki/Tozkoparan_%C4%B0skender_(dizi),2021
/wiki/Uzak_%C5%9Eehrin_Masal%C4%B1,2021
/wiki/%C3%9C%C3%A7_Kuru%C5%9F,2021
/wiki/Vah%C5%9Fi_%C5%9Eeyler,2021
/wiki/Yalanc%C4%B1_(dizi),2021
/wiki/Yalanc%C4%B1lar_ve_Mumlar%C4%B1,2021
/wiki/Yarg%C4%B1_(dizi),2021
/wiki/Ye%C5%9Fil%C3%A7am_(dizi),2021
/wiki/Ad%C4%B1_Sevgi,2022
/wiki/Ah_Nerede_(dizi),2022
/wiki/Aldatmak_(dizi),2022
/wiki/Annenin_S%C4%B1rr%C4%B1d%C4%B1r_%C3%87ocuk,2022
/wiki/Andropoz_(dizi),2022
/w/index.php?title=Asl%C4%B1nda_%C3%96zg%C3%BCrs%C3%BCn&action=edit&redlink=1,2022
/wiki/A%C5%9Fk_Kumard%C4%B1r,2022
/wiki/A%C5%9Fk_ve_Umut,2022
/wiki/A%C5%9Fk%C4%B1n_Yolculu%C4%9Fu:_Hac%C4%B1_Bayram-%C4%B1_Veli,2022
"/wiki/Baba_(dizi,_2022)",2022
/wiki/Balkan_Ninnisi,2022
/wiki/Barbaros_Hayreddin:_Sultan%C4%B1n_Ferman%C4%B1,2022
/wiki/Ben_Bu_Cihana_S%C4%B1%C4%9Fmazam,2022
/wiki/Ben_Gri,2022
/wiki/Bir_K%C3%BC%C3%A7%C3%BCk_G%C3%BCn_I%C5%9F%C4%B1%C4%9F%C4%B1,2022
/wiki/Bir_Peri_Masal%C4%B1,2022
/wiki/Can%C4%B1m_Annem,2022
/wiki/Cezailer,2022
/wiki/%C3%87eki%C3%A7_ve_G%C3%BCl:_Bir_Behzat_%C3%87._Hikayesi,2022
/wiki/%C3%87%C3%B6p_Adam,2022
/wiki/Darmaduman_(dizi),2022
/w/index.php?title=Duran_(dizi)&action=edit&redlink=1,2022
/wiki/Duy_Beni,2022
/wiki/D%C3%BCnyayla_Benim_Aramda,2022
/wiki/Erkek_Severse,2022
/wiki/Er%C5%9Fan_Kuneri,2022
/wiki/Esaret_(dizi),2022
/wiki/Gecenin_Ucunda,2022
/wiki/Gelsin_Hayat_Bildi%C4%9Fi_Gibi_(dizi),2022
/wiki/Gizli_Sakl%C4%B1,2022
/wiki/G%C3%BCl_Masal%C4%B1,2022
/wiki/G%C3%BCl%C3%BCmse_Kaderine,2022
/wiki/G%C3%BCzel_G%C3%BCnler,2022
/wiki/Hakim_(dizi),2022
/wiki/Hayaller_ve_Hayatlar,2022
/wiki/Hayat_Bug%C3%BCn,2022
/wiki/Hayat%C4%B1m%C4%B1n_%C5%9Eans%C4%B1,2022
/wiki/Hicran_(dizi),2022
/wiki/%C4%B0%C3%A7imizdeki_Ate%C5%9F,2022
/wiki/%C4%B0yilik_(dizi),2022
/wiki/Ka%C3%A7%C4%B1%C5%9F_(dizi),2022
/w/index.php?title=Kadere_Kar%C5%9F%C4%B1&action=edit&redlink=1,2022
/w/index.php?title=Kan_%C3%87i%C3%A7ekleri&action=edit&redlink=1,2022
/wiki/Kara_Tahta_(dizi),2022
/wiki/Kasaba_Doktoru,2022
/wiki/K%C4%B1z%C4%B1lc%C4%B1k_%C5%9Eerbeti,2022
/wiki/K%C4%B1yma_(dizi),2022
/wiki/Kusursuz_Kirac%C4%B1,2022
/wiki/Ku%C5%9F_U%C3%A7u%C5%9Fu_(dizi),2022
/wiki/Mezarl%C4%B1k_(film_serisi),2022
/wiki/M%C3%BCkemmel_E%C5%9Fle%C5%9Fme,2022
/w/index.php?title=Nas%C4%B1l_Fenomen_Oldum&action=edit&redlink=1,2022
/wiki/O%C4%9Flum_(dizi),2022
/wiki/O_K%C4%B1z_(dizi),2022
/wiki/Pera_Palas%27ta_Gece_Yar%C4%B1s%C4%B1,2022
/w/index.php?title=Sadece_Arkada%C5%9F%C4%B1z&action=edit&redlink=1,2022
/wiki/Senden_Daha_G%C3%BCzel_(dizi),2022
/wiki/Seni_Kalbime_Saklad%C4%B1m,2022
/wiki/Seversin,2022
/wiki/Sevmek_Zaman%C4%B1_(dizi),2022
/wiki/S%C4%B1cak_Kafa,2022
/wiki/S%C4%B1f%C4%B1r%C4%B1nc%C4%B1_G%C3%BCn,2022
/wiki/Sipahi_(dizi),2022
/w/index.php?title=Sizi_Dinliyorum&action=edit&redlink=1,2022
/wiki/Son_Nefesime_Kadar,2022
/wiki/Toprak_ile_Fidan,2022
/wiki/Tozluyaka,2022
/wiki/Tuzak_(dizi),2022
/wiki/Uysallar,2022
/wiki/%C3%9C%C3%A7_K%C4%B1z_Karde%C5%9F_(dizi),2022
/w/index.php?title=Var_Bunlar&action=edit&redlink=1,2022
/wiki/Yakamoz_S-245,2022
/wiki/Yal%C4%B1_%C3%87apk%C4%B1n%C4%B1,2022
/wiki/Yaln%C4%B1z_Kurt,2022
/w/index.php?title=Yazg%C4%B1_(dizi)&action=edit&redlink=1,2022
/wiki/Y%C3%BCrek_%C3%87%C4%B1kmaz%C4%B1,2022
/wiki/Zeytin_A%C4%9Fac%C4%B1_(dizi),2022
/w/index.php?title=1973:_Biltmore_Oteli_Cinayeti&action=edit&redlink=1,2023
/w/index.php?title=AdaleTT_(dizi)&action=edit&redlink=1,2023
/wiki/Ad%C4%B1m_Farah,2023
/wiki/Aile_(dizi),2023
/wiki/Akif_(dizi),2023
/w/index.php?title=Aktris_(dizi)&action=edit&redlink=1,2023
/wiki/Al_Sancak_(dizi),2023
"/w/index.php?title=Alt%C4%B1n_Kafes_(dizi,_2023)&action=edit&redlink=1",2023
/w/index.php?title=Arak_(dizi)&action=edit&redlink=1,2023
/w/index.php?title=Aray%C4%B1%C5%9F_(dizi)&action=edit&redlink=1,2023
/w/index.php?title=A%C5%9Fk%C4%B1m%C4%B1z_Yeter&action=edit&redlink=1,2023
/wiki/Ate%C5%9F_Ku%C5%9Flar%C4%B1,2023
/wiki/Bamba%C5%9Fka_Biri_(dizi),2023
/wiki/Ba%C5%9F%C4%B1m_Belada_(dizi),2023
/w/index.php?title=Ben_Bu_Bo%C5%9Flu%C4%9Fu_Nas%C4%B1l&action=edit&redlink=1,2023
/wiki/Benim_G%C3%BCzel_Ailem,2023
/wiki/Bir_Derdim_Var_(dizi),2023
/w/index.php?title=Biz_Kimden_Ka%C3%A7%C4%B1yorduk_Anne%3F_(dizi)&action=edit&redlink=1,2023
/w/index.php?title=Dayton_(dizi)&action=edit&redlink=1,2023
/w/index.php?title=Deneme_%C3%87ekimi&action=edit&redlink=1,2023
/w/index.php?title=Derin_Mor&action=edit&redlink=1,2023
/wiki/Dilek_Ta%C5%9F%C4%B1_(dizi),2023
/wiki/Dokuz_O%C4%9Fuz_(dizi),2023
/wiki/D%C3%B6nence_(dizi),2023
/wiki/D%C3%BCnya_Bu,2023
/wiki/EGO_(dizi),2023
/w/index.php?title=Eyvah!_Ramazan_Bey&action=edit&redlink=1,2023
/w/index.php?title=Fedakar&action=edit&redlink=1,2023
/wiki/G%C3%BClcemal_(dizi),2023
/w/index.php?title=Hay_Sultan&action=edit&redlink=1,2023
/wiki/Hayat%C4%B1m%C4%B1n_Ne%C5%9Fesi,2023
/wiki/Hudutsuz_Sevda,2023
/wiki/H%C3%BCr_(dizi),2023
/wiki/Kader_Ba%C4%9Flar%C4%B1,2023
/w/index.php?title=Kader_Oyunlar%C4%B1&action=edit&redlink=1,2023
/w/index.php?title=Kak%C3%BCll%C3%BC_K%C4%B1z&action=edit&redlink=1,2023
/w/index.php?title=Kap%C4%B1_(dizi)&action=edit&redlink=1,2023
/wiki/Kendi_D%C3%BC%C5%9Fen_A%C4%9Flamaz_(dizi),2023
/wiki/K%C4%B1smet_(dizi),2023
/wiki/K%C4%B1z%C4%B1l_Goncalar,2023
/wiki/K%C4%B1z%C4%B1lelma:_Bir_Fetih_%C3%96yk%C3%BCs%C3%BC,2023
/wiki/Kirli_Sepeti,2023
/wiki/Kod_Ad%C4%B1_K%C4%B1rlang%C4%B1%C3%A7,2023
/w/index.php?title=Koyu_Beyaz&action=edit&redlink=1,2023
/wiki/Krali%C3%A7e_(dizi),2023
/w/index.php?title=Kud%C3%BCs_Fatihi_Selahaddin_Eyyubi&action=edit&redlink=1,2023
/w/index.php?title=Kuzgun:_Dipsiz_Karanl%C4%B1k&action=edit&redlink=1,2023
/w/index.php?title=K%C3%BC%C3%A7%C3%BCk_Dahi:_%C4%B0bn-i_Sina&action=edit&redlink=1,2023
/wiki/Magarsus_(dizi),2023
/wiki/Mahsusa:_Trablusgarb,2023
/wiki/Maviye_S%C3%BCrg%C3%BCn,2023
/w/index.php?title=Metamorfoz:_K%C4%B1r%C4%B1lma&action=edit&redlink=1,2023
/w/index.php?title=Mevl%C3%A2n%C3%A2_Cel%C3%A2ledd%C3%AEn-i_R%C3%BBm%C3%AE_(dizi)&action=edit&redlink=1,2023
/w/index.php?title=Modern_Do%C4%9Fu_Masallar%C4%B1&action=edit&redlink=1,2023
/wiki/Ne_Gemiler_Yakt%C4%B1m,2023
/w/index.php?title=Organizasyon_Bizim_%C4%B0%C5%9Fimiz&action=edit&redlink=1,2023
/wiki/%C3%96mer_(dizi),2023
/wiki/Prens_(dizi),2023
/wiki/Ruhun_Duymaz_(dizi),2023
/wiki/Safir_(dizi),2023
/wiki/Sakla_Beni,2023
/w/index.php?title=Sand%C4%B1k_Kokusu&action=edit&redlink=1,2023
/w/index.php?title=Sarma%C5%9F%C4%B1k_Zaman%C4%B1&action=edit&redlink=1,2023
"/wiki/Sen,_Ben,_O!",2023
/w/index.php?title=Serhat_(dizi)&action=edit&redlink=1,2023
/w/index.php?title=Son_G%C3%BCn&action=edit&redlink=1,2023
/wiki/%C5%9Eahane_Hayat%C4%B1m,2023
/wiki/%C5%9Eahmaran_(dizi),2023
/w/index.php?title=%C5%9Eanzelize_D%C3%BC%C4%9F%C3%BCn_Salonu&action=edit&redlink=1,2023
/wiki/%C5%9Eebeke_(dizi),2023
/wiki/Ta%C3%A7s%C4%B1z_Prenses,2023
/wiki/Terzi_(dizi),2023
/wiki/Tetik%C3%A7inin_O%C4%9Flu,2023
/wiki/Tozkoparan_%C4%B0skender:_G%C3%B6lge,2023
/wiki/T%C3%BCrk_Dedektif,2023
/w/index.php?title=%C3%9Cniversdeli&action=edit&redlink=1,2023
/w/index.php?title=%C3%9Cvey_Anne_(dizi)&action=edit&redlink=1,2023
/wiki/Veda_Mektubu,2023
/wiki/Vermem_Seni_Ellere,2023
/wiki/Ya_%C3%87ok_Seversen,2023
/wiki/Yabani,2023
/wiki/Yaln%C4%B1z_Kalpler_(dizi),2023
/w/index.php?title=Yang%C4%B1n_G%C3%BCnleri:_Independenta&action=edit&redlink=1,2023
/w/index.php?title=Yarat%C4%B1lan&action=edit&redlink=1,2023
/w/index.php?title=Yard%C4%B1mc%C4%B1_Oyuncu&action=edit&redlink=1,2023
/wiki/Yaz_%C5%9Eark%C4%B1s%C4%B1,2023
/wiki/Ye%C5%9Fil_Deniz:_Milenyum,2023
/wiki/Ye%C5%9Fil_Vadi%27nin_K%C4%B1z%C4%B1,2023
/w/index.php?title=Y%C4%B1ld%C4%B1zlar_Bana_Uzak&action=edit&redlink=1,2023
/wiki/Y%C3%BCz_Y%C4%B1ll%C4%B1k_Mucize,2023
